ano,turno,id_eleicao,tipo_eleicao,data_eleicao,sigla_uf,sigla_uf_nome,id_municipio,id_municipio_nome,id_municipio_tse,id_municipio_tse_nome,zona,cargo,aptos,secoes,secoes_agregadas,aptos_totalizadas,secoes_totalizadas,comparecimento,abstencoes,votos_validos,votos_brancos,votos_nulos,votos_nominais,votos_legenda,proporcao_comparecimento,proporcao_votos_validos,proporcao_votos_brancos,proporcao_votos_nulos
2004,1,200412,eleicao ordinaria,2004-10-03,MG,Minas Gerais,3170206,Uberlândia,54038,Uberlândia,279,vereador,93588,268,6,93588,268,80110,13478,74964,2559,2587,68550,6414,85.598579,93.576332,3.1943579,3.2293098
2004,1,200412,eleicao ordinaria,2004-10-03,MG,Minas Gerais,3170206,Uberlândia,54038,Uberlândia,279,prefeito,93588,268,6,93588,268,80110,13478,73009,1627,5474,73009,0,85.598579,91.135941,2.0309575,6.8331046
2004,2,200422,eleicao ordinaria,2004-10-31,MG,Minas Gerais,3170206,Uberlândia,54038,Uberlândia,279,prefeito,93588,268,6,93588,268,77875,15713,73436,994,3445,73436,0,83.210457,94.299843,1.2764045,4.4237561
2004,2,200422,eleicao ordinaria,2004-10-31,MG,Minas Gerais,3170206,Uberlândia,54038,Uberlândia,299,prefeito,100107,296,1,100107,296,85388,14719,81045,1036,3307,81045,0,85.29673,94.913803,1.2132852,3.8729095
2004,1,200412,eleicao ordinaria,2004-10-03,MG,Minas Gerais,3170206,Uberlândia,54038,Uberlândia,299,prefeito,100107,296,1,100107,296,87323,12784,79979,1890,5454,79979,0,87.229668,91.589844,2.1643782,6.2457771
2004,1,200412,eleicao ordinaria,2004-10-03,MG,Minas Gerais,3170206,Uberlândia,54038,Uberlândia,299,vereador,100107,296,1,100107,296,87323,12784,81912,2867,2544,74365,7547,87.229668,93.803467,3.2832129,2.9133217
2004,1,200412,eleicao ordinaria,2004-10-03,MG,Minas Gerais,3170206,Uberlândia,54038,Uberlândia,314,vereador,72406,211,0,72406,211,62733,9673,59168,1864,1701,53598,5570,86.64061,94.317184,2.971323,2.7114916
2004,2,200422,eleicao ordinaria,2004-10-31,MG,Minas Gerais,3170206,Uberlândia,54038,Uberlândia,314,prefeito,72406,211,0,72406,211,61251,11155,58003,804,2444,58003,0,84.593819,94.697227,1.3126316,3.990139
2004,1,200412,eleicao ordinaria,2004-10-03,MG,Minas Gerais,3170206,Uberlândia,54038,Uberlândia,314,prefeito,72406,211,0,72406,211,62733,9673,57406,1272,4055,57406,0,86.64061,91.508453,2.0276411,6.4639025
2004,1,200412,eleicao ordinaria,2004-10-03,MG,Minas Gerais,3170206,Uberlândia,54038,Uberlândia,278,prefeito,92382,253,1,92382,253,79402,12980,72666,1598,5138,72666,0,85.949646,91.516586,2.0125437,6.4708695
2004,1,200412,eleicao ordinaria,2004-10-03,MG,Minas Gerais,3170206,Uberlândia,54038,Uberlândia,278,vereador,92382,253,1,92382,253,79402,12980,74459,2530,2413,67633,6826,85.949646,93.774719,3.1863177,3.0389662
2004,2,200422,eleicao ordinaria,2004-10-31,MG,Minas Gerais,3170206,Uberlândia,54038,Uberlândia,278,prefeito,92382,253,1,92382,253,77630,14752,73707,883,3040,73707,0,84.031525,94.946541,1.1374469,3.9160118
2008,1,30,eleicao ordinaria,2008-10-05,MG,Minas Gerais,3170206,Uberlândia,54038,Uberlândia,278,prefeito,82536,220,30,82536,220,70299,12237,65874,1277,3148,65874,0,85.173744,93.70546,1.8165265,4.4780154
2008,1,30,eleicao ordinaria,2008-10-05,MG,Minas Gerais,3170206,Uberlândia,54038,Uberlândia,335,prefeito,73107,220,1,73107,220,61247,11860,57504,1111,2632,57504,0,83.777206,93.88868,1.8139664,4.2973533
2008,1,30,eleicao ordinaria,2008-10-05,MG,Minas Gerais,3170206,Uberlândia,54038,Uberlândia,335,vereador,73107,220,1,73107,220,61247,11860,56730,2544,1973,50869,5861,83.777206,92.624947,4.1536727,3.2213824
2008,1,30,eleicao ordinaria,2008-10-05,MG,Minas Gerais,3170206,Uberlândia,54038,Uberlândia,278,vereador,82536,220,30,82536,220,70299,12237,64827,3063,2409,57880,6947,85.173744,92.216103,4.3571033,3.4267912
2008,1,30,eleicao ordinaria,2008-10-05,MG,Minas Gerais,3170206,Uberlândia,54038,Uberlândia,299,vereador,76568,225,1,76568,225,65763,10805,60676,2705,2382,54212,6464,85.888359,92.264648,4.113255,3.6220975
2008,1,30,eleicao ordinaria,2008-10-05,MG,Minas Gerais,3170206,Uberlândia,54038,Uberlândia,299,prefeito,76568,225,1,76568,225,65763,10805,61523,1241,2999,61523,0,85.888359,93.552605,1.8870794,4.5603151
2008,1,30,eleicao ordinaria,2008-10-05,MG,Minas Gerais,3170206,Uberlândia,54038,Uberlândia,314,vereador,78414,229,1,78414,229,67721,10693,63202,2564,1955,56587,6615,86.363403,93.327034,3.7861226,2.8868446
2008,1,30,eleicao ordinaria,2008-10-05,MG,Minas Gerais,3170206,Uberlândia,54038,Uberlândia,314,prefeito,78414,229,1,78414,229,67721,10693,63521,1240,2960,63521,0,86.363403,93.79808,1.8310421,4.3708744
2008,1,30,eleicao ordinaria,2008-10-05,MG,Minas Gerais,3170206,Uberlândia,54038,Uberlândia,279,vereador,86057,238,9,86057,238,73312,12745,67770,3085,2457,61162,6608,85.190048,92.440529,4.2080421,3.3514295
2008,1,30,eleicao ordinaria,2008-10-05,MG,Minas Gerais,3170206,Uberlândia,54038,Uberlândia,279,prefeito,86057,238,9,86057,238,73312,12745,69246,1258,2808,69246,0,85.190048,94.453842,1.7159537,3.8302052
2020,1,426,eleicao ordinaria,2020-11-15,MG,Minas Gerais,3170206,Uberlândia,54038,Uberlândia,314,prefeito,91770,266,34,0,0,68945,22825,61684,2758,4503,61684,0,75.128036,89.468414,4.0002899,6.5312929
2020,1,426,eleicao ordinaria,2020-11-15,MG,Minas Gerais,3170206,Uberlândia,54038,Uberlândia,314,vereador,91770,266,34,0,0,68945,22825,60519,3826,4315,57262,3257,75.128036,87.778664,5.5493507,6.2586122
2020,1,426,eleicao ordinaria,2020-11-15,MG,Minas Gerais,3170206,Uberlândia,54038,Uberlândia,279,vereador,127387,377,42,0,0,93493,33894,81886,5201,6041,78155,3731,73.392891,87.585167,5.5629835,6.4614463
2020,1,426,eleicao ordinaria,2020-11-15,MG,Minas Gerais,3170206,Uberlândia,54038,Uberlândia,279,prefeito,127387,377,42,0,0,93493,33894,84562,3221,5710,84562,0,73.392891,90.447411,3.4451778,6.107409
2020,1,426,eleicao ordinaria,2020-11-15,MG,Minas Gerais,3170206,Uberlândia,54038,Uberlândia,278,vereador,122607,378,46,0,0,91059,31548,79672,5088,5989,75638,4034,74.269005,87.494919,5.5875859,6.5770545
2020,1,426,eleicao ordinaria,2020-11-15,MG,Minas Gerais,3170206,Uberlândia,54038,Uberlândia,278,prefeito,122607,378,46,0,0,91059,31548,81957,3249,5853,81957,0,74.269005,90.00428,3.5680163,6.4277005
2020,1,426,eleicao ordinaria,2020-11-15,MG,Minas Gerais,3170206,Uberlândia,54038,Uberlândia,335,vereador,69036,186,62,0,0,49930,19106,44054,2581,2956,41881,2173,72.324585,88.231522,5.1692371,5.9202886
2020,1,426,eleicao ordinaria,2020-11-15,MG,Minas Gerais,3170206,Uberlândia,54038,Uberlândia,335,prefeito,69036,186,62,0,0,49930,19106,44799,1923,3208,44799,0,72.324585,89.72361,3.851392,6.4249949
2020,1,426,eleicao ordinaria,2020-11-15,MG,Minas Gerais,3170206,Uberlândia,54038,Uberlândia,299,prefeito,75750,213,71,0,0,57010,18740,51072,2039,3899,51072,0,75.260727,89.584282,3.5765655,6.8391509
2020,1,426,eleicao ordinaria,2020-11-15,MG,Minas Gerais,3170206,Uberlândia,54038,Uberlândia,299,vereador,75750,213,71,0,0,57010,18740,50075,2932,3806,47707,2368,75.260727,87.835464,5.1429572,6.6760216
2006,2,2006002,eleicao ordinaria,2006-10-29,MG,Minas Gerais,3170206,Uberlândia,54038,Uberlândia,278,presidente,77475,206,22,77475,206,65226,12249,61615,776,2835,61615,0,84.189735,94.463867,1.1897097,4.3464265
2006,1,2006001,eleicao ordinaria,2006-10-01,MG,Minas Gerais,3170206,Uberlândia,54038,Uberlândia,279,governador,78881,225,4,78881,225,67466,11415,57049,3832,6585,57049,0,85.528831,84.559631,5.6798978,9.7604723
2006,1,2006001,eleicao ordinaria,2006-10-01,MG,Minas Gerais,3170206,Uberlândia,54038,Uberlândia,279,presidente,78881,225,4,78881,225,67466,11415,61765,1979,3722,61765,0,85.528831,91.54982,2.9333293,5.5168529
2006,1,2006001,eleicao ordinaria,2006-10-01,MG,Minas Gerais,3170206,Uberlândia,54038,Uberlândia,279,deputado estadual,78881,225,4,78881,225,67466,11415,57747,4503,5216,52108,5639,85.528831,85.594223,6.6744733,7.7313018
2006,1,2006001,eleicao ordinaria,2006-10-01,MG,Minas Gerais,3170206,Uberlândia,54038,Uberlândia,279,senador,78881,225,4,78881,225,67466,11415,45384,8279,13803,45384,0,85.528831,67.26944,12.271366,20.459194
2006,1,2006001,eleicao ordinaria,2006-10-01,MG,Minas Gerais,3170206,Uberlândia,54038,Uberlândia,279,deputado federal,78881,225,4,78881,225,67466,11415,58296,4114,5056,54485,3811,85.528831,86.407967,6.0978866,7.4941454
2006,2,2006002,eleicao ordinaria,2006-10-29,MG,Minas Gerais,3170206,Uberlândia,54038,Uberlândia,335,presidente,70098,215,2,70098,215,57866,12232,54670,741,2455,54670,0,82.55014,94.476898,1.2805448,4.2425604
2006,1,2006001,eleicao ordinaria,2006-10-01,MG,Minas Gerais,3170206,Uberlândia,54038,Uberlândia,299,senador,73279,216,5,73279,216,63240,10039,42845,7720,12675,42845,0,86.300301,67.74984,12.207463,20.042694
2006,1,2006001,eleicao ordinaria,2006-10-01,MG,Minas Gerais,3170206,Uberlândia,54038,Uberlândia,299,deputado estadual,73279,216,5,73279,216,63240,10039,53922,4529,4789,48283,5639,86.300301,85.265656,7.1616068,7.5727386
2006,1,2006001,eleicao ordinaria,2006-10-01,MG,Minas Gerais,3170206,Uberlândia,54038,Uberlândia,299,deputado federal,73279,216,5,73279,216,63240,10039,54773,3849,4618,51135,3638,86.300301,86.61132,6.0863376,7.3023405
2006,1,2006001,eleicao ordinaria,2006-10-01,MG,Minas Gerais,3170206,Uberlândia,54038,Uberlândia,299,governador,73279,216,5,73279,216,63240,10039,53022,3786,6432,53022,0,86.300301,83.842506,5.9867172,10.170778
2006,1,2006001,eleicao ordinaria,2006-10-01,MG,Minas Gerais,3170206,Uberlândia,54038,Uberlândia,299,presidente,73279,216,5,73279,216,63240,10039,57200,2063,3977,57200,0,86.300301,90.449081,3.2621758,6.2887411
2006,1,2006001,eleicao ordinaria,2006-10-01,MG,Minas Gerais,3170206,Uberlândia,54038,Uberlândia,314,deputado federal,74011,215,2,74011,215,63975,10036,55945,4045,3985,51997,3948,86.43985,87.448219,6.3227825,6.2289958
2006,1,2006001,eleicao ordinaria,2006-10-01,MG,Minas Gerais,3170206,Uberlândia,54038,Uberlândia,314,governador,74011,215,2,74011,215,63975,10036,54198,3732,6045,54198,0,86.43985,84.717468,5.8335285,9.4490032
2006,1,2006001,eleicao ordinaria,2006-10-01,MG,Minas Gerais,3170206,Uberlândia,54038,Uberlândia,314,senador,74011,215,2,74011,215,63975,10036,44285,7616,12074,44285,0,86.43985,69.222351,11.904651,18.872997
2006,1,2006001,eleicao ordinaria,2006-10-01,MG,Minas Gerais,3170206,Uberlândia,54038,Uberlândia,314,deputado estadual,74011,215,2,74011,215,63975,10036,55645,4344,3986,49674,5971,86.43985,86.979286,6.7901525,6.2305589
2006,1,2006001,eleicao ordinaria,2006-10-01,MG,Minas Gerais,3170206,Uberlândia,54038,Uberlândia,314,presidente,74011,215,2,74011,215,63975,10036,58360,2035,3580,58360,0,86.43985,91.223137,3.1809301,5.5959358
2006,1,2006001,eleicao ordinaria,2006-10-01,MG,Minas Gerais,3170206,Uberlândia,54038,Uberlândia,335,governador,70098,215,2,70098,215,58790,11308,49837,3588,5365,49837,0,83.868301,84.771217,6.1030788,9.1257019
2006,1,2006001,eleicao ordinaria,2006-10-01,MG,Minas Gerais,3170206,Uberlândia,54038,Uberlândia,335,senador,70098,215,2,70098,215,58790,11308,40488,7197,11105,40488,0,83.868301,68.868858,12.241878,18.889267
2006,1,2006001,eleicao ordinaria,2006-10-01,MG,Minas Gerais,3170206,Uberlândia,54038,Uberlândia,335,deputado estadual,70098,215,2,70098,215,58790,11308,50848,4081,3861,45435,5413,83.868301,86.490898,6.9416566,6.5674434
2006,1,2006001,eleicao ordinaria,2006-10-01,MG,Minas Gerais,3170206,Uberlândia,54038,Uberlândia,335,deputado federal,70098,215,2,70098,215,58790,11308,51641,3439,3710,48094,3547,83.868301,87.839767,5.8496342,6.3105969
2006,1,2006001,eleicao ordinaria,2006-10-01,MG,Minas Gerais,3170206,Uberlândia,54038,Uberlândia,335,presidente,70098,215,2,70098,215,58790,11308,53767,1826,3197,53767,0,83.868301,91.456032,3.1059704,5.4379997
2006,2,2006002,eleicao ordinaria,2006-10-29,MG,Minas Gerais,3170206,Uberlândia,54038,Uberlândia,314,presidente,74011,215,2,74011,215,62891,11120,59478,840,2573,59478,0,84.975204,94.573151,1.3356442,4.0912056
2006,1,2006001,eleicao ordinaria,2006-10-01,MG,Minas Gerais,3170206,Uberlândia,54038,Uberlândia,278,presidente,77475,206,22,77475,206,66045,11430,60428,2054,3563,60428,0,85.246857,91.495193,3.1100008,5.3948064
2006,1,2006001,eleicao ordinaria,2006-10-01,MG,Minas Gerais,3170206,Uberlândia,54038,Uberlândia,278,senador,77475,206,22,77475,206,66045,11430,45327,8174,12544,45327,0,85.246857,68.630478,12.37641,18.993111
2006,1,2006001,eleicao ordinaria,2006-10-01,MG,Minas Gerais,3170206,Uberlândia,54038,Uberlândia,278,deputado estadual,77475,206,22,77475,206,66045,11430,57051,4642,4352,51129,5922,85.246857,86.382011,7.0285411,6.5894465
2006,1,2006001,eleicao ordinaria,2006-10-01,MG,Minas Gerais,3170206,Uberlândia,54038,Uberlândia,278,governador,77475,206,22,77475,206,66045,11430,56032,4000,6013,56032,0,85.246857,84.839127,6.0564766,9.1043987
2006,1,2006001,eleicao ordinaria,2006-10-01,MG,Minas Gerais,3170206,Uberlândia,54038,Uberlândia,278,deputado federal,77475,206,22,77475,206,66045,11430,57731,4016,4298,53909,3822,85.246857,87.411613,6.0807028,6.5076842
2006,2,2006002,eleicao ordinaria,2006-10-29,MG,Minas Gerais,3170206,Uberlândia,54038,Uberlândia,299,presidente,73279,216,5,73279,216,62578,10701,58803,814,2961,58803,0,85.396904,93.967529,1.3007766,4.7316947
2006,2,2006002,eleicao ordinaria,2006-10-29,MG,Minas Gerais,3170206,Uberlândia,54038,Uberlândia,279,presidente,78881,225,4,78881,225,66670,12211,62831,795,3044,62831,0,84.519722,94.241791,1.1924404,4.5657716
2016,1,220,eleicao ordinaria,2016-10-02,MG,Minas Gerais,3170206,Uberlândia,54038,Uberlândia,314,vereador,92978,261,2,92978,261,75777,17201,66984,3782,5011,63247,3737,81.499924,88.396217,4.9909601,6.6128244
2016,1,220,eleicao ordinaria,2016-10-02,MG,Minas Gerais,3170206,Uberlândia,54038,Uberlândia,314,prefeito,92978,261,2,92978,261,75777,17201,68547,2144,5086,68547,0,81.499924,90.458847,2.8293545,6.7117991
2016,1,220,eleicao ordinaria,2016-10-02,MG,Minas Gerais,3170206,Uberlândia,54038,Uberlândia,278,prefeito,106857,293,30,106857,293,86315,20542,77526,2552,6237,77526,0,80.776176,89.817528,2.9566123,7.2258587
2016,1,220,eleicao ordinaria,2016-10-02,MG,Minas Gerais,3170206,Uberlândia,54038,Uberlândia,278,vereador,106857,293,30,106857,293,86315,20542,75453,4617,6245,71455,3998,80.776176,87.415863,5.3490124,7.235127
2016,1,220,eleicao ordinaria,2016-10-02,MG,Minas Gerais,3170206,Uberlândia,54038,Uberlândia,279,prefeito,113875,316,12,113875,316,91929,21946,82935,2562,6432,82935,0,80.727989,90.216362,2.7869334,6.9967041
2016,1,220,eleicao ordinaria,2016-10-02,MG,Minas Gerais,3170206,Uberlândia,54038,Uberlândia,279,vereador,113875,316,12,113875,316,91929,21946,80187,4941,6801,76302,3885,80.727989,87.227097,5.3748002,7.3981009
2016,1,220,eleicao ordinaria,2016-10-02,MG,Minas Gerais,3170206,Uberlândia,54038,Uberlândia,335,vereador,79770,233,5,79770,233,62993,16777,55216,3211,4566,52225,2991,78.968285,87.654182,5.0973916,7.2484245
2016,1,220,eleicao ordinaria,2016-10-02,MG,Minas Gerais,3170206,Uberlândia,54038,Uberlândia,335,prefeito,79770,233,5,79770,233,62993,16777,56840,1810,4343,56840,0,78.968285,90.232246,2.8733351,6.8944168
2016,1,220,eleicao ordinaria,2016-10-02,MG,Minas Gerais,3170206,Uberlândia,54038,Uberlândia,299,vereador,84770,247,6,84770,247,68691,16079,60353,3278,5060,57429,2924,81.032204,87.86158,4.7720952,7.3663216
2016,1,220,eleicao ordinaria,2016-10-02,MG,Minas Gerais,3170206,Uberlândia,54038,Uberlândia,299,prefeito,84770,247,6,84770,247,68691,16079,61659,1848,5184,61659,0,81.032204,89.762848,2.6903088,7.5468402
1998,1,1998001,eleicao ordinaria,1998-10-04,MG,Minas Gerais,3170206,Uberlândia,54038,Uberlândia,278,governador,82616,0,0,0,0,69131,13485,58027,4202,6902,58027,0,83.677498,83.937744,6.0783153,9.9839439
1998,1,1998001,eleicao ordinaria,1998-10-04,MG,Minas Gerais,3170206,Uberlândia,54038,Uberlândia,279,senador,68360,0,0,0,0,56956,11404,45556,5006,6394,45556,0,83.317726,79.98455,8.7892408,11.22621
1998,1,1998001,eleicao ordinaria,1998-10-04,MG,Minas Gerais,3170206,Uberlândia,54038,Uberlândia,314,senador,59415,0,0,0,0,49942,9473,39687,4142,6113,39687,0,84.056213,79.466179,8.2936211,12.240199
1998,1,1998001,eleicao ordinaria,1998-10-04,MG,Minas Gerais,3170206,Uberlândia,54038,Uberlândia,279,governador,68360,0,0,0,0,56956,11404,48510,3358,5088,48510,0,83.317726,85.171013,5.8957791,8.9332113
1998,1,1998001,eleicao ordinaria,1998-10-04,MG,Minas Gerais,3170206,Uberlândia,54038,Uberlândia,278,deputado estadual,82616,0,0,0,0,69131,13485,62309,4198,2624,51818,10491,83.677498,90.131783,6.0725288,3.7956922
1998,1,1998001,eleicao ordinaria,1998-10-04,MG,Minas Gerais,3170206,Uberlândia,54038,Uberlândia,279,deputado estadual,68360,0,0,0,0,56956,11404,51443,3364,2149,43410,8033,83.317726,90.320595,5.9063134,3.773088
1998,1,1998001,eleicao ordinaria,1998-10-04,MG,Minas Gerais,3170206,Uberlândia,54038,Uberlândia,299,deputado federal,84751,0,0,0,0,71713,13038,65573,3692,2448,56086,9487,84.616112,91.438095,5.1482997,3.4136071
1998,1,1998001,eleicao ordinaria,1998-10-04,MG,Minas Gerais,3170206,Uberlândia,54038,Uberlândia,278,deputado federal,82616,0,0,0,0,69131,13485,62888,3710,2533,53397,9491,83.677498,90.969322,5.3666229,3.6640582
1998,1,1998001,eleicao ordinaria,1998-10-04,MG,Minas Gerais,3170206,Uberlândia,54038,Uberlândia,314,deputado estadual,59415,0,0,0,0,49942,9473,44829,2997,2116,36829,8000,84.056213,89.762123,6.0009613,4.2369146
1998,1,1998001,eleicao ordinaria,1998-10-04,MG,Minas Gerais,3170206,Uberlândia,54038,Uberlândia,299,deputado estadual,84751,0,0,0,0,71713,13038,64654,4466,2593,53304,11350,84.616112,90.156593,6.2276015,3.6158018
1998,1,1998001,eleicao ordinaria,1998-10-04,MG,Minas Gerais,3170206,Uberlândia,54038,Uberlândia,278,senador,82616,0,0,0,0,69131,13485,55177,6045,7909,55177,0,83.677498,79.815132,8.7442684,11.440598
1998,1,1998001,eleicao ordinaria,1998-10-04,MG,Minas Gerais,3170206,Uberlândia,54038,Uberlândia,299,senador,84751,0,0,0,0,71713,13038,57306,6362,8045,57306,0,84.616112,79.910194,8.8714743,11.218328
1998,1,1998001,eleicao ordinaria,1998-10-04,MG,Minas Gerais,3170206,Uberlândia,54038,Uberlândia,314,deputado federal,59415,0,0,0,0,49942,9473,45342,2550,2050,38794,6548,84.056213,90.789314,5.1059227,4.1047616
1998,1,1998001,eleicao ordinaria,1998-10-04,MG,Minas Gerais,3170206,Uberlândia,54038,Uberlândia,279,deputado federal,68360,0,0,0,0,56956,11404,51948,2971,2037,44817,7131,83.317726,91.207245,5.2163072,3.5764449
1998,1,1998001,eleicao ordinaria,1998-10-04,MG,Minas Gerais,3170206,Uberlândia,54038,Uberlândia,299,governador,84751,0,0,0,0,71713,13038,60457,4387,6869,60457,0,84.616112,84.3041,6.1174402,9.5784588
1998,1,1998001,eleicao ordinaria,1998-10-04,MG,Minas Gerais,3170206,Uberlândia,54038,Uberlândia,314,governador,59415,0,0,0,0,49942,9473,41748,2854,5340,41748,0,84.056213,83.592964,5.7146292,10.692403
1998,2,1998002,eleicao ordinaria,1998-10-25,MG,Minas Gerais,3170206,Uberlândia,54038,Uberlândia,278,governador,82616,0,0,0,0,66716,15900,62807,1135,2774,62807,0,80.754333,94.140839,1.7012411,4.1579232
1998,2,1998002,eleicao ordinaria,1998-10-25,MG,Minas Gerais,3170206,Uberlândia,54038,Uberlândia,279,governador,68360,0,0,0,0,54803,13557,51583,934,2286,51583,0,80.168228,94.124413,1.7042862,4.1713047
1998,2,1998002,eleicao ordinaria,1998-10-25,MG,Minas Gerais,3170206,Uberlândia,54038,Uberlândia,299,governador,84751,0,0,0,0,69792,14959,66026,1120,2646,66026,0,82.349472,94.603966,1.6047684,3.7912655
1998,2,1998002,eleicao ordinaria,1998-10-25,MG,Minas Gerais,3170206,Uberlândia,54038,Uberlândia,314,governador,59415,0,0,0,0,48368,11047,45787,753,1828,45787,0,81.407051,94.663826,1.5568144,3.7793581
2002,2,200202,eleicao ordinaria,2002-10-27,MG,Minas Gerais,3170206,Uberlândia,54038,Uberlândia,279,presidente,83523,241,0,83523,241,70715,12808,66828,1245,2642,66828,0,84.665298,94.503288,1.7605883,3.7361238
2002,2,200202,eleicao ordinaria,2002-10-27,MG,Minas Gerais,3170206,Uberlândia,54038,Uberlândia,299,presidente,94350,276,2,94350,276,81275,13075,76625,1505,3145,76625,0,86.142021,94.278687,1.851738,3.8695786
2002,1,200201,eleicao ordinaria,2002-10-06,MG,Minas Gerais,3170206,Uberlândia,54038,Uberlândia,278,deputado estadual,88796,244,0,88796,244,76598,12198,70892,2955,2751,63164,7728,86.262894,92.55072,3.8578031,3.5914776
2002,1,200201,eleicao ordinaria,2002-10-06,MG,Minas Gerais,3170206,Uberlândia,54038,Uberlândia,278,senador,88796,244,0,88796,244,76598,12198,123619,11782,17795,123619,0,86.262894,161.38672,15.381602,23.231678
2002,1,200201,eleicao ordinaria,2002-10-06,MG,Minas Gerais,3170206,Uberlândia,54038,Uberlândia,278,governador,88796,244,0,88796,244,76598,12198,69449,3184,3965,69449,0,86.262894,90.666855,4.1567664,5.1763754
2002,1,200201,eleicao ordinaria,2002-10-06,MG,Minas Gerais,3170206,Uberlândia,54038,Uberlândia,278,presidente,88796,244,0,88796,244,76598,12198,71613,2014,2971,71613,0,86.262894,93.491997,2.6293116,3.8786914
2002,1,200201,eleicao ordinaria,2002-10-06,MG,Minas Gerais,3170206,Uberlândia,54038,Uberlândia,278,deputado federal,88796,244,0,88796,244,76598,12198,71129,3087,2382,64811,6318,86.262894,92.86013,4.0301313,3.1097417
2002,1,200201,eleicao ordinaria,2002-10-06,MG,Minas Gerais,3170206,Uberlândia,54038,Uberlândia,299,deputado estadual,94350,276,2,94350,276,82253,12097,76209,3208,2836,67835,8374,87.178589,92.651939,3.9001617,3.4478986
2002,1,200201,eleicao ordinaria,2002-10-06,MG,Minas Gerais,3170206,Uberlândia,54038,Uberlândia,299,governador,94350,276,2,94350,276,82253,12097,74368,3516,4369,74368,0,87.178589,90.413727,4.2746162,5.3116603
2002,1,200201,eleicao ordinaria,2002-10-06,MG,Minas Gerais,3170206,Uberlândia,54038,Uberlândia,299,deputado federal,94350,276,2,94350,276,82253,12097,76188,3451,2614,69199,6989,87.178589,92.626411,4.1955914,3.1779995
2002,1,200201,eleicao ordinaria,2002-10-06,MG,Minas Gerais,3170206,Uberlândia,54038,Uberlândia,299,senador,94350,276,2,94350,276,82253,12097,131921,12840,19745,131921,0,87.178589,160.38443,15.610373,24.005203
2002,1,200201,eleicao ordinaria,2002-10-06,MG,Minas Gerais,3170206,Uberlândia,54038,Uberlândia,299,presidente,94350,276,2,94350,276,82253,12097,76639,2187,3427,76639,0,87.178589,93.174721,2.6588695,4.1664133
2002,1,200201,eleicao ordinaria,2002-10-06,MG,Minas Gerais,3170206,Uberlândia,54038,Uberlândia,314,deputado federal,67785,195,3,67785,195,58908,8877,54872,2346,1690,49917,4955,86.904182,93.148636,3.9824812,2.8688803
2002,1,200201,eleicao ordinaria,2002-10-06,MG,Minas Gerais,3170206,Uberlândia,54038,Uberlândia,314,deputado estadual,67785,195,3,67785,195,58908,8877,54834,2278,1796,48697,6137,86.904182,93.084129,3.8670468,3.0488219
2002,1,200201,eleicao ordinaria,2002-10-06,MG,Minas Gerais,3170206,Uberlândia,54038,Uberlândia,314,presidente,67785,195,3,67785,195,58908,8877,55145,1522,2241,55145,0,86.904182,93.612076,2.5836899,3.8042371
2002,1,200201,eleicao ordinaria,2002-10-06,MG,Minas Gerais,3170206,Uberlândia,54038,Uberlândia,314,governador,67785,195,3,67785,195,58908,8877,53569,2449,2890,53569,0,86.904182,90.936714,4.15733,4.9059548
2002,1,200201,eleicao ordinaria,2002-10-06,MG,Minas Gerais,3170206,Uberlândia,54038,Uberlândia,314,senador,67785,195,3,67785,195,58908,8877,94992,8902,13922,94992,0,86.904182,161.25484,15.1117,23.633463
2002,2,200202,eleicao ordinaria,2002-10-27,MG,Minas Gerais,3170206,Uberlândia,54038,Uberlândia,278,presidente,88796,244,0,88796,244,75545,13251,71173,1361,3011,71173,0,85.077034,94.212723,1.8015752,3.9857039
2002,1,200201,eleicao ordinaria,2002-10-06,MG,Minas Gerais,3170206,Uberlândia,54038,Uberlândia,279,deputado federal,83523,241,0,83523,241,71928,11595,66907,2860,2161,61318,5589,86.117599,93.019409,3.9761984,3.0043933
2002,1,200201,eleicao ordinaria,2002-10-06,MG,Minas Gerais,3170206,Uberlândia,54038,Uberlândia,279,governador,83523,241,0,83523,241,71928,11595,65777,2891,3260,65777,0,86.117599,91.448395,4.0192971,4.53231
2002,1,200201,eleicao ordinaria,2002-10-06,MG,Minas Gerais,3170206,Uberlândia,54038,Uberlândia,279,deputado estadual,83523,241,0,83523,241,71928,11595,66697,2673,2558,59923,6774,86.117599,92.727448,3.7162163,3.556334
2002,1,200201,eleicao ordinaria,2002-10-06,MG,Minas Gerais,3170206,Uberlândia,54038,Uberlândia,279,senador,83523,241,0,83523,241,71928,11595,116534,11187,16135,116534,0,86.117599,162.01479,15.553053,22.432154
2002,1,200201,eleicao ordinaria,2002-10-06,MG,Minas Gerais,3170206,Uberlândia,54038,Uberlândia,279,presidente,83523,241,0,83523,241,71928,11595,67723,1714,2491,67723,0,86.117599,94.153877,2.3829384,3.4631853
2002,2,200202,eleicao ordinaria,2002-10-27,MG,Minas Gerais,3170206,Uberlândia,54038,Uberlândia,314,presidente,67785,195,3,67785,195,58120,9665,54979,1021,2120,54979,0,85.741684,94.595665,1.7567103,3.6476257
2012,1,47,eleicao ordinaria,2012-10-07,MG,Minas Gerais,3170206,Uberlândia,54038,Uberlândia,279,vereador,100698,281,4,100698,281,84434,16264,77321,3753,3360,71961,5360,83.84874,91.575668,4.4448919,3.9794395
2012,1,47,eleicao ordinaria,2012-10-07,MG,Minas Gerais,3170206,Uberlândia,54038,Uberlândia,279,prefeito,100698,281,4,100698,281,84434,16264,77754,2392,4288,77754,0,83.84874,92.088493,2.8329821,5.0785227
2012,1,47,eleicao ordinaria,2012-10-07,MG,Minas Gerais,3170206,Uberlândia,54038,Uberlândia,335,vereador,78701,227,6,78701,227,65010,13691,59614,2901,2495,54951,4663,82.603783,91.699738,4.4623904,3.8378711
2012,1,47,eleicao ordinaria,2012-10-07,MG,Minas Gerais,3170206,Uberlândia,54038,Uberlândia,335,prefeito,78701,227,6,78701,227,65010,13691,59620,1872,3518,59620,0,82.603783,91.708969,2.8795569,5.4114752
2012,1,47,eleicao ordinaria,2012-10-07,MG,Minas Gerais,3170206,Uberlândia,54038,Uberlândia,299,vereador,82873,238,3,82873,238,70295,12578,64585,2889,2821,59881,4704,84.822563,91.87709,4.1098228,4.0130877
2012,1,47,eleicao ordinaria,2012-10-07,MG,Minas Gerais,3170206,Uberlândia,54038,Uberlândia,299,prefeito,82873,238,3,82873,238,70295,12578,64410,1947,3938,64410,0,84.822563,91.628136,2.7697561,5.6021056
2012,1,47,eleicao ordinaria,2012-10-07,MG,Minas Gerais,3170206,Uberlândia,54038,Uberlândia,314,prefeito,87796,247,2,87796,247,74609,13187,68740,2055,3814,68740,0,84.97995,92.133659,2.7543595,5.1119838
2012,1,47,eleicao ordinaria,2012-10-07,MG,Minas Gerais,3170206,Uberlândia,54038,Uberlândia,314,vereador,87796,247,2,87796,247,74609,13187,68998,3077,2534,63852,5146,84.97995,92.479462,4.1241674,3.396373
2012,1,47,eleicao ordinaria,2012-10-07,MG,Minas Gerais,3170206,Uberlândia,54038,Uberlândia,278,vereador,94724,253,29,94724,253,80137,14587,73550,3618,2969,68008,5542,84.600525,91.780327,4.5147686,3.7049053
2012,1,47,eleicao ordinaria,2012-10-07,MG,Minas Gerais,3170206,Uberlândia,54038,Uberlândia,278,prefeito,94724,253,29,94724,253,80137,14587,73515,2240,4382,73515,0,84.600525,91.736649,2.7952132,5.4681358
2000,2,2000002,eleicao ordinaria,2000-10-29,MG,Minas Gerais,3170206,Uberlândia,54038,Uberlândia,314,prefeito,61766,155,26,61766,155,53499,8267,51927,658,914,51927,0,86.615616,97.06163,1.2299296,1.7084432
2000,1,2000001,eleicao ordinaria,2000-10-01,MG,Minas Gerais,3170206,Uberlândia,54038,Uberlândia,314,prefeito,61766,155,26,61766,155,53963,7803,50799,1094,2070,50799,0,87.366837,94.136726,2.0273149,3.8359616
2000,1,2000001,eleicao ordinaria,2000-10-01,MG,Minas Gerais,3170206,Uberlândia,54038,Uberlândia,314,vereador,61766,155,26,61766,155,53963,7803,51357,1458,1148,45218,6139,87.366837,95.170769,2.7018514,2.1273835
2000,1,2000001,eleicao ordinaria,2000-10-01,MG,Minas Gerais,3170206,Uberlândia,54038,Uberlândia,279,prefeito,73453,173,39,73453,173,63600,9853,60240,1150,2210,60240,0,86.585983,94.71698,1.8081762,3.4748428
2000,2,2000002,eleicao ordinaria,2000-10-29,MG,Minas Gerais,3170206,Uberlândia,54038,Uberlândia,279,prefeito,73453,173,39,73453,173,62728,10725,60743,750,1235,60743,0,85.398827,96.835541,1.1956383,1.9688177
2000,1,2000001,eleicao ordinaria,2000-10-01,MG,Minas Gerais,3170206,Uberlândia,54038,Uberlândia,279,vereador,73453,173,39,73453,173,63600,9853,60418,1780,1402,53771,6647,86.585983,94.996857,2.7987421,2.2044024
2000,1,2000001,eleicao ordinaria,2000-10-01,MG,Minas Gerais,3170206,Uberlândia,54038,Uberlândia,278,prefeito,83963,215,20,83963,215,72874,11089,68434,1473,2967,68434,0,86.792992,93.907295,2.021297,4.0714111
2000,2,2000002,eleicao ordinaria,2000-10-29,MG,Minas Gerais,3170206,Uberlândia,54038,Uberlândia,278,prefeito,83963,215,20,83963,215,72339,11624,69945,888,1506,69945,0,86.155807,96.690582,1.2275536,2.0818646
2000,1,2000001,eleicao ordinaria,2000-10-01,MG,Minas Gerais,3170206,Uberlândia,54038,Uberlândia,278,vereador,83963,215,20,83963,215,72874,11089,69108,2090,1676,61019,8089,86.792992,94.832176,2.8679638,2.29986
2000,1,2000001,eleicao ordinaria,2000-10-01,MG,Minas Gerais,3170206,Uberlândia,54038,Uberlândia,299,prefeito,87728,218,39,87728,218,77142,10586,72963,1358,2821,72963,0,87.933159,94.582718,1.7603899,3.6568925
2000,2,2000002,eleicao ordinaria,2000-10-29,MG,Minas Gerais,3170206,Uberlândia,54038,Uberlândia,299,prefeito,87728,218,39,87728,218,76508,11220,74361,803,1344,74361,0,87.210472,97.193756,1.0495634,1.7566791
2000,1,2000001,eleicao ordinaria,2000-10-01,MG,Minas Gerais,3170206,Uberlândia,54038,Uberlândia,299,vereador,87728,218,39,87728,218,77142,10586,73313,2084,1745,64623,8690,87.933159,95.036423,2.7015114,2.2620621
2024,1,619,eleicao ordinaria,2024-10-06,MG,Minas Gerais,3170206,Uberlândia,54038,Uberlândia,279,prefeito,139983,437,0,0,0,103167,36816,93934,3943,5290,93934,0,73.699661,91.05043,3.8219585,5.1276088
2024,1,619,eleicao ordinaria,2024-10-06,MG,Minas Gerais,3170206,Uberlândia,54038,Uberlândia,279,vereador,139983,437,0,0,0,103167,36816,93211,5228,4705,89631,3580,73.699661,90.349625,5.067512,4.5605669
2024,1,619,eleicao ordinaria,2024-10-06,MG,Minas Gerais,3170206,Uberlândia,54038,Uberlândia,314,prefeito,101357,316,3,0,0,74895,26462,67860,3107,3928,67860,0,73.892281,90.60685,4.1484747,5.2446761
2024,1,619,eleicao ordinaria,2024-10-06,MG,Minas Gerais,3170206,Uberlândia,54038,Uberlândia,314,vereador,101357,316,3,0,0,74895,26462,67460,3698,3368,64747,2713,73.892281,90.072769,4.9375792,4.4969625
2024,1,619,eleicao ordinaria,2024-10-06,MG,Minas Gerais,3170206,Uberlândia,54038,Uberlândia,278,prefeito,136198,414,4,0,0,99607,36591,89795,4134,5678,89795,0,73.133965,90.149284,4.1503105,5.7004027
2024,1,619,eleicao ordinaria,2024-10-06,MG,Minas Gerais,3170206,Uberlândia,54038,Uberlândia,278,vereador,136198,414,4,0,0,99607,36591,89442,5218,4918,86026,3416,73.133965,89.794891,5.2385879,4.9374042
2024,1,619,eleicao ordinaria,2024-10-06,MG,Minas Gerais,3170206,Uberlândia,54038,Uberlândia,299,vereador,80496,279,7,0,0,60011,20485,54074,2866,3045,51988,2086,74.551529,90.106812,4.7757912,5.07407
2024,1,619,eleicao ordinaria,2024-10-06,MG,Minas Gerais,3170206,Uberlândia,54038,Uberlândia,299,prefeito,80496,279,7,0,0,60011,20485,54236,2258,3517,54236,0,74.551529,90.376762,3.7626436,5.8605924
2024,1,619,eleicao ordinaria,2024-10-06,MG,Minas Gerais,3170206,Uberlândia,54038,Uberlândia,335,vereador,72837,224,30,0,0,52433,20404,47202,2730,2488,45320,1882,71.986763,90.02346,5.2066445,4.7451034
2024,1,619,eleicao ordinaria,2024-10-06,MG,Minas Gerais,3170206,Uberlândia,54038,Uberlândia,335,prefeito,72837,224,30,0,0,52433,20404,47471,2107,2855,47471,0,71.986763,90.536491,4.0184617,5.445044
2010,2,38,eleicao ordinaria,2010-10-31,MG,Minas Gerais,3170206,Uberlândia,54038,Uberlândia,314,presidente,83923,240,2,83923,240,68830,15093,64042,1559,3229,64042,0,82.015656,93.043732,2.2650008,4.6912684
2010,2,38,eleicao ordinaria,2010-10-31,MG,Minas Gerais,3170206,Uberlândia,54038,Uberlândia,299,presidente,79963,232,0,79963,232,65950,14013,60592,1604,3754,60592,0,82.475647,91.875664,2.4321456,5.6921911
2010,1,37,eleicao ordinaria,2010-10-03,MG,Minas Gerais,3170206,Uberlândia,54038,Uberlândia,278,governador,88813,239,28,88813,239,75437,13376,64156,4431,6850,64156,0,84.93914,85.045799,5.8737755,9.0804243
2010,1,37,eleicao ordinaria,2010-10-03,MG,Minas Gerais,3170206,Uberlândia,54038,Uberlândia,278,presidente,88813,239,28,88813,239,75437,13376,69261,2417,3759,69261,0,84.93914,91.813034,3.2039981,4.9829659
2010,1,37,eleicao ordinaria,2010-10-03,MG,Minas Gerais,3170206,Uberlândia,54038,Uberlândia,278,senador,88813,239,28,88813,239,75437,13376,120870,13764,16240,120870,0,84.93914,160.22641,18.245689,21.527897
2010,1,37,eleicao ordinaria,2010-10-03,MG,Minas Gerais,3170206,Uberlândia,54038,Uberlândia,278,deputado estadual,88813,239,28,88813,239,75437,13376,66803,5122,3512,59847,6956,84.93914,88.554688,6.7897716,4.6555405
2010,1,37,eleicao ordinaria,2010-10-03,MG,Minas Gerais,3170206,Uberlândia,54038,Uberlândia,278,deputado federal,88813,239,28,88813,239,75437,13376,67764,4548,3125,63371,4393,84.93914,89.828598,6.0288715,4.1425295
2010,2,38,eleicao ordinaria,2010-10-31,MG,Minas Gerais,3170206,Uberlândia,54038,Uberlândia,335,presidente,76376,227,2,76376,227,61454,14922,57000,1446,3008,57000,0,80.462448,92.752304,2.3529794,4.8947182
2010,2,38,eleicao ordinaria,2010-10-31,MG,Minas Gerais,3170206,Uberlândia,54038,Uberlândia,279,presidente,94094,264,1,94094,264,76679,17415,71212,1768,3699,71212,0,81.491913,92.870277,2.305716,4.8240066
2010,1,37,eleicao ordinaria,2010-10-03,MG,Minas Gerais,3170206,Uberlândia,54038,Uberlândia,279,presidente,94084,264,1,94084,264,79710,14374,73764,2393,3553,73764,0,84.72216,92.540459,3.0021327,4.457408
2010,1,37,eleicao ordinaria,2010-10-03,MG,Minas Gerais,3170206,Uberlândia,54038,Uberlândia,279,governador,94084,264,1,94084,264,79710,14374,68406,4435,6869,68406,0,84.72216,85.818596,5.5639191,8.6174889
2010,1,37,eleicao ordinaria,2010-10-03,MG,Minas Gerais,3170206,Uberlândia,54038,Uberlândia,279,deputado estadual,94084,264,1,94084,264,79710,14374,70336,5299,4075,63514,6822,84.72216,88.239868,6.6478486,5.1122818
2010,1,37,eleicao ordinaria,2010-10-03,MG,Minas Gerais,3170206,Uberlândia,54038,Uberlândia,279,senador,94084,264,1,94084,264,79710,14374,128965,13751,16704,128965,0,84.72216,161.79276,17.251286,20.955965
2010,1,37,eleicao ordinaria,2010-10-03,MG,Minas Gerais,3170206,Uberlândia,54038,Uberlândia,279,deputado federal,94084,264,1,94084,264,79710,14374,71384,4674,3652,67085,4299,84.72216,89.554634,5.8637562,4.5816083
2010,1,37,eleicao ordinaria,2010-10-03,MG,Minas Gerais,3170206,Uberlândia,54038,Uberlândia,299,deputado federal,79958,232,0,79958,232,68298,11660,61072,3907,3319,57325,3747,85.417343,89.419891,5.7205191,4.8595858
2010,1,37,eleicao ordinaria,2010-10-03,MG,Minas Gerais,3170206,Uberlândia,54038,Uberlândia,299,presidente,79958,232,0,79958,232,68298,11660,62473,2183,3642,62473,0,85.417343,91.471199,3.1962869,5.3325133
2010,1,37,eleicao ordinaria,2010-10-03,MG,Minas Gerais,3170206,Uberlândia,54038,Uberlândia,299,deputado estadual,79958,232,0,79958,232,68298,11660,60001,4582,3715,53838,6163,85.417343,87.851768,6.7088346,5.4393978
2010,1,37,eleicao ordinaria,2010-10-03,MG,Minas Gerais,3170206,Uberlândia,54038,Uberlândia,299,governador,79958,232,0,79958,232,68298,11660,57890,3846,6562,57890,0,85.417343,84.760902,5.6312046,9.6078949
2010,1,37,eleicao ordinaria,2010-10-03,MG,Minas Gerais,3170206,Uberlândia,54038,Uberlândia,299,senador,79958,232,0,79958,232,68298,11660,109016,11703,15877,109016,0,85.417343,159.61815,17.135202,23.246655
2010,1,37,eleicao ordinaria,2010-10-03,MG,Minas Gerais,3170206,Uberlândia,54038,Uberlândia,314,senador,83921,240,2,83921,240,71223,12698,114679,12264,15503,114679,0,84.869102,161.01399,17.219156,21.766846
2010,1,37,eleicao ordinaria,2010-10-03,MG,Minas Gerais,3170206,Uberlândia,54038,Uberlândia,314,presidente,83921,240,2,83921,240,71223,12698,65429,2241,3553,65429,0,84.869102,91.86499,3.1464555,4.9885569
2010,1,37,eleicao ordinaria,2010-10-03,MG,Minas Gerais,3170206,Uberlândia,54038,Uberlândia,314,deputado estadual,83921,240,2,83921,240,71223,12698,63372,4582,3269,56917,6455,84.869102,88.976875,6.4333153,4.5898094
2010,1,37,eleicao ordinaria,2010-10-03,MG,Minas Gerais,3170206,Uberlândia,54038,Uberlândia,314,governador,83921,240,2,83921,240,71223,12698,60355,4066,6802,60355,0,84.869102,84.740883,5.7088299,9.5502853
2010,1,37,eleicao ordinaria,2010-10-03,MG,Minas Gerais,3170206,Uberlândia,54038,Uberlândia,314,deputado federal,83921,240,2,83921,240,71223,12698,64188,4070,2965,60313,3875,84.869102,90.122574,5.7144461,4.162981
2010,1,37,eleicao ordinaria,2010-10-03,MG,Minas Gerais,3170206,Uberlândia,54038,Uberlândia,335,presidente,76374,227,2,76374,227,63355,13019,58243,1995,3117,58243,0,82.953621,91.931183,3.1489227,4.9198956
2010,1,37,eleicao ordinaria,2010-10-03,MG,Minas Gerais,3170206,Uberlândia,54038,Uberlândia,335,senador,76374,227,2,76374,227,63355,13019,101898,11079,13733,101898,0,82.953621,160.83656,17.487175,21.67627
2010,1,37,eleicao ordinaria,2010-10-03,MG,Minas Gerais,3170206,Uberlândia,54038,Uberlândia,335,deputado estadual,76374,227,2,76374,227,63355,13019,56190,4270,2895,50256,5934,82.953621,88.690712,6.7397995,4.5694895
2010,1,37,eleicao ordinaria,2010-10-03,MG,Minas Gerais,3170206,Uberlândia,54038,Uberlândia,335,deputado federal,76374,227,2,76374,227,63355,13019,57149,3614,2592,53635,3514,82.953621,90.204407,5.7043643,4.0912318
2010,1,37,eleicao ordinaria,2010-10-03,MG,Minas Gerais,3170206,Uberlândia,54038,Uberlândia,335,governador,76374,227,2,76374,227,63355,13019,53894,3663,5798,53894,0,82.953621,85.066689,5.7817063,9.1516056
2010,2,38,eleicao ordinaria,2010-10-31,MG,Minas Gerais,3170206,Uberlândia,54038,Uberlândia,278,presidente,88816,239,28,88816,239,73119,15697,67732,1812,3575,67732,0,82.326385,92.632561,2.478152,4.8892899
2018,2,298,eleicao ordinaria,2018-10-28,MG,Minas Gerais,3170206,Uberlândia,54038,Uberlândia,279,governador,121407,776,58,0,0,103162,18245,87007,3049,13106,87007,0,84.972038,84.340164,2.9555457,12.70429
2018,1,295,eleicao ordinaria,2018-10-07,MG,Minas Gerais,3170206,Uberlândia,54038,Uberlândia,314,presidente,87973,596,2,0,0,75397,12576,67359,2074,5964,67359,0,85.704704,89.339096,2.7507725,7.9101291
2018,2,296,eleicao ordinaria,2018-10-28,MG,Minas Gerais,3170206,Uberlândia,54038,Uberlândia,314,presidente,87985,596,2,0,0,74782,13203,65459,1399,7924,65459,0,84.994034,87.533096,1.8707711,10.596133
2018,2,298,eleicao ordinaria,2018-10-28,MG,Minas Gerais,3170206,Uberlândia,54038,Uberlândia,278,governador,116624,762,72,0,0,98633,17991,82148,2878,13607,82148,0,84.573502,83.28653,2.9178874,13.795586
2018,1,297,eleicao ordinaria,2018-10-07,MG,Minas Gerais,3170206,Uberlândia,54038,Uberlândia,278,deputado estadual,116620,762,72,0,0,99686,16934,76764,7721,15201,69995,6769,85.479332,77.005798,7.7453203,15.248881
2018,1,297,eleicao ordinaria,2018-10-07,MG,Minas Gerais,3170206,Uberlândia,54038,Uberlândia,278,deputado federal,116620,762,72,0,0,99686,16934,78447,6926,14313,73884,4563,85.479332,78.694099,6.9478164,14.358085
2018,1,297,eleicao ordinaria,2018-10-07,MG,Minas Gerais,3170206,Uberlândia,54038,Uberlândia,278,governador,116620,762,72,0,0,99686,16934,76137,6600,16949,76137,0,85.479332,76.376823,6.6207891,17.002388
2018,1,297,eleicao ordinaria,2018-10-07,MG,Minas Gerais,3170206,Uberlândia,54038,Uberlândia,278,senador,116620,762,72,0,0,99686,16934,133073,19564,46735,133073,0,85.479332,133.49217,19.625624,46.88221
2018,1,297,eleicao ordinaria,2018-10-07,MG,Minas Gerais,3170206,Uberlândia,54038,Uberlândia,299,senador,73201,532,34,0,0,63210,9991,87660,11060,27700,87660,0,86.35128,138.68059,17.497231,43.822182
2018,1,297,eleicao ordinaria,2018-10-07,MG,Minas Gerais,3170206,Uberlândia,54038,Uberlândia,299,deputado estadual,73201,532,34,0,0,63210,9991,48986,4540,9684,44856,4130,86.35128,77.497231,7.1824079,15.320361
2018,1,297,eleicao ordinaria,2018-10-07,MG,Minas Gerais,3170206,Uberlândia,54038,Uberlândia,299,deputado federal,73201,532,34,0,0,63210,9991,50450,3984,8776,47781,2669,86.35128,79.813324,6.3028002,13.883879
2018,1,297,eleicao ordinaria,2018-10-07,MG,Minas Gerais,3170206,Uberlândia,54038,Uberlândia,299,governador,73201,532,34,0,0,63210,9991,49644,3650,9916,49644,0,86.35128,78.538208,5.7744026,15.687391
2018,2,296,eleicao ordinaria,2018-10-28,MG,Minas Gerais,3170206,Uberlândia,54038,Uberlândia,278,presidente,116694,762,72,0,0,98688,18006,85983,2001,10704,85983,0,84.569901,87.126091,2.0276022,10.846304
2018,2,298,eleicao ordinaria,2018-10-28,MG,Minas Gerais,3170206,Uberlândia,54038,Uberlândia,314,governador,87935,596,2,0,0,74739,13196,61957,2226,10556,61957,0,84.993462,82.89782,2.9783647,14.123817
2018,1,295,eleicao ordinaria,2018-10-07,MG,Minas Gerais,3170206,Uberlândia,54038,Uberlândia,299,presidente,73245,532,34,0,0,63250,9995,56711,1520,5019,56711,0,86.354019,89.661659,2.403162,7.9351778
2018,1,295,eleicao ordinaria,2018-10-07,MG,Minas Gerais,3170206,Uberlândia,54038,Uberlândia,278,presidente,116691,762,72,0,0,99747,16944,88480,2721,8546,88480,0,85.479599,88.704422,2.7279017,8.5676765
2018,1,295,eleicao ordinaria,2018-10-07,MG,Minas Gerais,3170206,Uberlândia,54038,Uberlândia,279,presidente,121609,776,58,0,0,104520,17089,94565,2446,7509,94565,0,85.947586,90.47551,2.3402219,7.1842709
2018,2,296,eleicao ordinaria,2018-10-28,MG,Minas Gerais,3170206,Uberlândia,54038,Uberlândia,335,presidente,66672,434,50,0,0,55425,11247,48419,1109,5897,48419,0,83.130852,87.359497,2.0009022,10.639603
2018,2,298,eleicao ordinaria,2018-10-28,MG,Minas Gerais,3170206,Uberlândia,54038,Uberlândia,335,governador,66643,434,50,0,0,55399,11244,46225,1644,7530,46225,0,83.128014,83.440132,2.9675627,13.592303
2018,2,298,eleicao ordinaria,2018-10-28,MG,Minas Gerais,3170206,Uberlândia,54038,Uberlândia,299,governador,73207,532,34,0,0,62694,10513,53331,1592,7771,53331,0,85.639351,85.065559,2.5393178,12.395125
2018,2,296,eleicao ordinaria,2018-10-28,MG,Minas Gerais,3170206,Uberlândia,54038,Uberlândia,279,presidente,121612,776,58,0,0,103358,18254,91268,1993,10097,91268,0,84.989967,88.302795,1.9282494,9.7689581
2018,1,295,eleicao ordinaria,2018-10-07,MG,Minas Gerais,3170206,Uberlândia,54038,Uberlândia,335,presidente,66675,434,50,0,0,55744,10931,49554,1611,4579,49554,0,83.605553,88.895668,2.8899972,8.2143373
2018,2,296,eleicao ordinaria,2018-10-28,MG,Minas Gerais,3170206,Uberlândia,54038,Uberlândia,299,presidente,73253,532,34,0,0,62735,10518,55308,1160,6267,55308,0,85.641541,88.161316,1.8490475,9.9896393
2018,1,297,eleicao ordinaria,2018-10-07,MG,Minas Gerais,3170206,Uberlândia,54038,Uberlândia,314,deputado federal,87930,596,2,0,0,75356,12574,59526,5344,10486,55843,3683,85.699989,78.99305,7.0916715,13.915282
2018,1,297,eleicao ordinaria,2018-10-07,MG,Minas Gerais,3170206,Uberlândia,54038,Uberlândia,314,senador,87930,596,2,0,0,75356,12574,102141,14552,34019,102141,0,85.699989,135.54462,19.311005,45.144382
2018,1,297,eleicao ordinaria,2018-10-07,MG,Minas Gerais,3170206,Uberlândia,54038,Uberlândia,314,governador,87930,596,2,0,0,75356,12574,58111,4918,12327,58111,0,85.699989,77.115295,6.5263548,16.358353
2018,1,297,eleicao ordinaria,2018-10-07,MG,Minas Gerais,3170206,Uberlândia,54038,Uberlândia,314,deputado estadual,87930,596,2,0,0,75356,12574,57719,6108,11529,52326,5393,85.699989,76.595093,8.105526,15.299379
2018,1,297,eleicao ordinaria,2018-10-07,MG,Minas Gerais,3170206,Uberlândia,54038,Uberlândia,335,deputado estadual,66644,434,50,0,0,55719,10925,42587,4536,8596,38528,4059,83.606926,76.43174,8.1408501,15.427413
2018,1,297,eleicao ordinaria,2018-10-07,MG,Minas Gerais,3170206,Uberlândia,54038,Uberlândia,335,deputado federal,66644,434,50,0,0,55719,10925,43910,3971,7838,41407,2503,83.606926,78.806152,7.126833,14.067015
2018,1,297,eleicao ordinaria,2018-10-07,MG,Minas Gerais,3170206,Uberlândia,54038,Uberlândia,335,governador,66644,434,50,0,0,55719,10925,42677,3733,9309,42677,0,83.606926,76.593262,6.6996894,16.707048
2018,1,297,eleicao ordinaria,2018-10-07,MG,Minas Gerais,3170206,Uberlândia,54038,Uberlândia,335,senador,66644,434,50,0,0,55719,10925,75050,10943,25445,75050,0,83.606926,134.69373,19.63962,45.666649
2018,1,297,eleicao ordinaria,2018-10-07,MG,Minas Gerais,3170206,Uberlândia,54038,Uberlândia,279,governador,121404,776,58,0,0,104327,17077,82815,6061,15451,82815,0,85.933739,79.380219,5.809618,14.810164
2018,1,297,eleicao ordinaria,2018-10-07,MG,Minas Gerais,3170206,Uberlândia,54038,Uberlândia,279,senador,121404,776,58,0,0,104327,17077,147202,18397,43055,147202,0,85.933739,141.09674,17.633978,41.269279
2018,1,297,eleicao ordinaria,2018-10-07,MG,Minas Gerais,3170206,Uberlândia,54038,Uberlândia,279,deputado federal,121404,776,58,0,0,104327,17077,84277,6667,13383,79720,4557,85.933739,80.781578,6.3904839,12.827935
2018,1,297,eleicao ordinaria,2018-10-07,MG,Minas Gerais,3170206,Uberlândia,54038,Uberlândia,279,deputado estadual,121404,776,58,0,0,104327,17077,81734,7735,14858,74847,6887,85.933739,78.344055,7.4141879,14.241759
2014,2,144,eleicao ordinaria,2014-10-26,MG,Minas Gerais,3170206,Uberlândia,54038,Uberlândia,299,presidente,84841,243,2,84841,243,69957,14884,65296,1094,3567,65296,0,82.456596,93.337334,1.5638177,5.0988464
2014,1,143,eleicao ordinaria,2014-10-05,MG,Minas Gerais,3170206,Uberlândia,54038,Uberlândia,299,senador,84834,243,2,84834,243,70328,14506,49567,8916,11845,49567,0,82.900726,70.479752,12.677738,16.84251
2014,1,143,eleicao ordinaria,2014-10-05,MG,Minas Gerais,3170206,Uberlândia,54038,Uberlândia,299,governador,84834,243,2,84834,243,70328,14506,55221,6876,8231,55221,0,82.900726,78.519226,9.7770443,11.703732
2014,1,143,eleicao ordinaria,2014-10-05,MG,Minas Gerais,3170206,Uberlândia,54038,Uberlândia,299,presidente,84834,243,2,84834,243,70328,14506,62541,3075,4712,62541,0,82.900726,88.927597,4.3723693,6.7000341
2014,1,143,eleicao ordinaria,2014-10-05,MG,Minas Gerais,3170206,Uberlândia,54038,Uberlândia,299,deputado estadual,84834,243,2,84834,243,70328,14506,57860,6426,6042,52311,5549,82.900726,82.271645,9.1371861,8.5911732
2014,1,143,eleicao ordinaria,2014-10-05,MG,Minas Gerais,3170206,Uberlândia,54038,Uberlândia,299,deputado federal,84834,243,2,84834,243,70328,14506,59509,5584,5235,55966,3543,82.900726,84.616371,7.9399385,7.4436922
2014,1,143,eleicao ordinaria,2014-10-05,MG,Minas Gerais,3170206,Uberlândia,54038,Uberlândia,314,presidente,91392,253,6,91392,253,75790,15602,67926,3554,4310,67926,0,82.928482,89.623962,4.6892729,5.6867661
2014,1,143,eleicao ordinaria,2014-10-05,MG,Minas Gerais,3170206,Uberlândia,54038,Uberlândia,279,senador,106499,296,10,106499,296,87761,18738,63235,11019,13507,63235,0,82.405472,72.053642,12.555691,15.390663
2014,1,143,eleicao ordinaria,2014-10-05,MG,Minas Gerais,3170206,Uberlândia,54038,Uberlândia,279,deputado estadual,106499,296,10,106499,296,87761,18738,73498,7531,6732,66971,6527,82.405472,83.74791,8.5812607,7.6708331
2014,1,143,eleicao ordinaria,2014-10-05,MG,Minas Gerais,3170206,Uberlândia,54038,Uberlândia,279,deputado federal,106499,296,10,106499,296,87761,18738,75318,6702,5741,71020,4298,82.405472,85.821724,7.6366496,6.5416303
2014,1,143,eleicao ordinaria,2014-10-05,MG,Minas Gerais,3170206,Uberlândia,54038,Uberlândia,279,governador,106499,296,10,106499,296,87761,18738,70504,8237,9020,70504,0,82.405472,80.336365,9.3857183,10.277914
2014,1,143,eleicao ordinaria,2014-10-05,MG,Minas Gerais,3170206,Uberlândia,54038,Uberlândia,279,presidente,106499,296,10,106499,296,87761,18738,79409,3429,4923,79409,0,82.405472,90.483246,3.9072025,5.6095533
2014,2,144,eleicao ordinaria,2014-10-26,MG,Minas Gerais,3170206,Uberlândia,54038,Uberlândia,335,presidente,80100,228,8,80100,228,64422,15678,60581,1043,2798,60581,0,80.426964,94.03775,1.6190121,4.3432369
2014,2,144,eleicao ordinaria,2014-10-26,MG,Minas Gerais,3170206,Uberlândia,54038,Uberlândia,314,presidente,91338,253,6,91338,253,75324,16014,70914,1225,3185,70914,0,82.467316,94.145294,1.6263077,4.2283998
2014,1,143,eleicao ordinaria,2014-10-05,MG,Minas Gerais,3170206,Uberlândia,54038,Uberlândia,278,governador,100252,270,29,100252,270,82847,17405,65403,8526,8918,65403,0,82.638748,78.944321,10.29126,10.764421
2014,1,143,eleicao ordinaria,2014-10-05,MG,Minas Gerais,3170206,Uberlândia,54038,Uberlândia,278,deputado estadual,100252,270,29,100252,270,82847,17405,69118,7533,6196,62549,6569,82.638748,83.42849,9.0926647,7.4788465
2014,1,143,eleicao ordinaria,2014-10-05,MG,Minas Gerais,3170206,Uberlândia,54038,Uberlândia,278,presidente,100252,270,29,100252,270,82847,17405,73917,3824,5106,73917,0,82.638748,89.221092,4.6157374,6.1631684
2014,1,143,eleicao ordinaria,2014-10-05,MG,Minas Gerais,3170206,Uberlândia,54038,Uberlândia,278,deputado federal,100252,270,29,100252,270,82847,17405,70000,7208,5639,65609,4391,82.638748,84.493103,8.7003756,6.8065228
2014,1,143,eleicao ordinaria,2014-10-05,MG,Minas Gerais,3170206,Uberlândia,54038,Uberlândia,278,senador,100252,270,29,100252,270,82847,17405,58604,11182,13061,58604,0,82.638748,70.737625,13.497169,15.765205
2014,2,144,eleicao ordinaria,2014-10-26,MG,Minas Gerais,3170206,Uberlândia,54038,Uberlândia,279,presidente,106502,296,10,106502,296,87460,19042,82406,1193,3861,82406,0,82.120522,94.221359,1.3640522,4.4145894
2014,2,144,eleicao ordinaria,2014-10-26,MG,Minas Gerais,3170206,Uberlândia,54038,Uberlândia,278,presidente,100257,270,29,100257,270,82384,17873,77221,1289,3874,77221,0,82.172813,93.733009,1.5646242,4.7023692
2014,1,143,eleicao ordinaria,2014-10-05,MG,Minas Gerais,3170206,Uberlândia,54038,Uberlândia,314,deputado federal,90688,251,6,90688,251,75177,15511,64115,6437,4625,60143,3972,82.896301,85.285393,8.562459,6.1521478
2014,1,143,eleicao ordinaria,2014-10-05,MG,Minas Gerais,3170206,Uberlândia,54038,Uberlândia,314,senador,90688,251,6,90688,251,75177,15511,53775,10003,11399,53775,0,82.896301,71.531189,13.305931,15.162882
2014,1,143,eleicao ordinaria,2014-10-05,MG,Minas Gerais,3170206,Uberlândia,54038,Uberlândia,314,governador,90688,251,6,90688,251,75177,15511,59886,7737,7554,59886,0,82.896301,79.660004,10.291712,10.048286
2014,1,143,eleicao ordinaria,2014-10-05,MG,Minas Gerais,3170206,Uberlândia,54038,Uberlândia,314,deputado estadual,90688,251,6,90688,251,75177,15511,62598,7145,5434,56393,6205,82.896301,83.267487,9.5042362,7.2282748
2014,1,143,eleicao ordinaria,2014-10-05,MG,Minas Gerais,3170206,Uberlândia,54038,Uberlândia,335,governador,80099,228,8,80099,228,64550,15549,51121,6617,6812,51121,0,80.587776,79.195969,10.250968,10.55306
2014,1,143,eleicao ordinaria,2014-10-05,MG,Minas Gerais,3170206,Uberlândia,54038,Uberlândia,335,presidente,80099,228,8,80099,228,64550,15549,57746,2957,3847,57746,0,80.587776,89.459335,4.580945,5.9597211
2014,1,143,eleicao ordinaria,2014-10-05,MG,Minas Gerais,3170206,Uberlândia,54038,Uberlândia,335,deputado estadual,80099,228,8,80099,228,64550,15549,53605,6055,4890,48333,5272,80.587776,83.044151,9.3803253,7.5755229
2014,1,143,eleicao ordinaria,2014-10-05,MG,Minas Gerais,3170206,Uberlândia,54038,Uberlândia,335,senador,80099,228,8,80099,228,64550,15549,46001,8528,10021,46001,0,80.587776,71.264137,13.211464,15.5244
2014,1,143,eleicao ordinaria,2014-10-05,MG,Minas Gerais,3170206,Uberlândia,54038,Uberlândia,335,deputado federal,80099,228,8,80099,228,64550,15549,54577,5612,4361,51075,3502,80.587776,84.549965,8.6940355,6.7560029
2022,1,546,eleicao ordinaria,2022-10-02,MG,Minas Gerais,3170206,Uberlândia,54038,Uberlândia,314,senador,97529,304,0,0,0,78738,18791,62682,7486,8570,62682,0,80.73291,79.608322,9.5074806,10.884198
2022,1,546,eleicao ordinaria,2022-10-02,MG,Minas Gerais,3170206,Uberlândia,54038,Uberlândia,335,deputado federal,71441,222,30,0,0,56323,15118,49224,3895,3118,47921,1303,78.838486,87.395912,6.9154696,5.5359268
2022,1,546,eleicao ordinaria,2022-10-02,MG,Minas Gerais,3170206,Uberlândia,54038,Uberlândia,299,senador,79208,276,9,0,0,64754,14454,52410,5431,6913,52410,0,81.751846,80.937088,8.3871269,10.675788
2022,1,546,eleicao ordinaria,2022-10-02,MG,Minas Gerais,3170206,Uberlândia,54038,Uberlândia,278,senador,130564,394,38,0,0,105117,25447,83130,10553,11434,83130,0,80.509941,79.083305,10.039289,10.877403
2022,1,546,eleicao ordinaria,2022-10-02,MG,Minas Gerais,3170206,Uberlândia,54038,Uberlândia,279,deputado estadual,135871,423,5,0,0,110833,25038,95732,8483,6380,90614,5118,81.572227,86.375,7.6538577,5.7564082
2022,1,544,eleicao ordinaria,2022-10-02,MG,Minas Gerais,3170206,Uberlândia,54038,Uberlândia,279,presidente,136800,423,5,0,0,111666,25134,106834,1684,3148,106834,0,81.62719,95.672813,1.5080687,2.8191214
2022,1,546,eleicao ordinaria,2022-10-02,MG,Minas Gerais,3170206,Uberlândia,54038,Uberlândia,314,deputado federal,97529,304,0,0,0,78738,18791,68643,5526,4454,66752,1891,80.73291,87.179001,7.0182123,5.6567349
2022,1,544,eleicao ordinaria,2022-10-02,MG,Minas Gerais,3170206,Uberlândia,54038,Uberlândia,299,presidente,79579,276,9,0,0,65101,14478,62074,927,2100,62074,0,81.806755,95.350304,1.4239413,3.2257569
2022,1,546,eleicao ordinaria,2022-10-02,MG,Minas Gerais,3170206,Uberlândia,54038,Uberlândia,335,senador,71441,222,30,0,0,56323,15118,44967,5289,6067,44967,0,78.838486,79.837723,9.39048,10.771798
2022,1,546,eleicao ordinaria,2022-10-02,MG,Minas Gerais,3170206,Uberlândia,54038,Uberlândia,314,governador,97529,304,0,0,0,78738,18791,67132,4872,6708,67132,0,80.73291,85.259979,6.1876097,8.519393
2022,1,546,eleicao ordinaria,2022-10-02,MG,Minas Gerais,3170206,Uberlândia,54038,Uberlândia,335,governador,71441,222,30,0,0,56323,15118,48454,3322,4542,48454,0,78.838486,86.028801,5.8981233,8.0642014
2022,1,546,eleicao ordinaria,2022-10-02,MG,Minas Gerais,3170206,Uberlândia,54038,Uberlândia,278,deputado estadual,130564,394,38,0,0,105117,25447,89209,9043,6580,84105,5104,80.509941,84.866386,8.6027946,6.2596917
2022,1,546,eleicao ordinaria,2022-10-02,MG,Minas Gerais,3170206,Uberlândia,54038,Uberlândia,314,deputado estadual,97529,304,0,0,0,78738,18791,67295,6418,4834,63373,3922,80.73291,85.466995,8.151083,6.139348
2022,1,546,eleicao ordinaria,2022-10-02,MG,Minas Gerais,3170206,Uberlândia,54038,Uberlândia,299,governador,79208,276,9,0,0,64754,14454,56392,3406,4940,56392,0,81.751846,87.08651,5.2599068,7.6288724
2022,1,544,eleicao ordinaria,2022-10-02,MG,Minas Gerais,3170206,Uberlândia,54038,Uberlândia,314,presidente,97788,304,0,0,0,78978,18810,75325,1309,2344,75325,0,80.764511,95.374664,1.6574236,2.9679151
2022,1,546,eleicao ordinaria,2022-10-02,MG,Minas Gerais,3170206,Uberlândia,54038,Uberlândia,279,deputado federal,135871,423,5,0,0,110833,25038,97982,7002,5710,95481,2501,81.572227,88.405075,6.3176131,5.151895
2022,1,544,eleicao ordinaria,2022-10-02,MG,Minas Gerais,3170206,Uberlândia,54038,Uberlândia,335,presidente,71616,222,30,0,0,56467,15149,53934,832,1701,53934,0,78.846909,95.514191,1.4734269,3.0123789
2022,1,546,eleicao ordinaria,2022-10-02,MG,Minas Gerais,3170206,Uberlândia,54038,Uberlândia,278,deputado federal,130564,394,38,0,0,105117,25447,91457,7558,5929,89092,2365,80.509941,87.004959,7.1900835,5.6403818
2022,1,546,eleicao ordinaria,2022-10-02,MG,Minas Gerais,3170206,Uberlândia,54038,Uberlândia,278,governador,130564,394,38,0,0,105117,25447,89509,6736,8848,89509,0,80.509941,85.151787,6.4080977,8.4172878
2022,1,546,eleicao ordinaria,2022-10-02,MG,Minas Gerais,3170206,Uberlândia,54038,Uberlândia,335,deputado estadual,71441,222,30,0,0,56323,15118,48046,4628,3500,45246,2800,78.838486,85.304405,8.2168922,6.2141576
2022,1,546,eleicao ordinaria,2022-10-02,MG,Minas Gerais,3170206,Uberlândia,54038,Uberlândia,279,senador,135871,423,5,0,0,110833,25038,90140,9779,10914,90140,0,81.572227,81.329567,8.823184,9.8472481
2022,1,544,eleicao ordinaria,2022-10-02,MG,Minas Gerais,3170206,Uberlândia,54038,Uberlândia,278,presidente,130804,394,38,0,0,105327,25477,100286,1722,3319,100286,0,80.522766,95.213951,1.6349084,3.1511388
2022,1,546,eleicao ordinaria,2022-10-02,MG,Minas Gerais,3170206,Uberlândia,54038,Uberlândia,299,deputado estadual,79208,276,9,0,0,64754,14454,55608,4776,4165,52657,2951,81.751846,85.875778,7.3756061,6.432035
2022,1,546,eleicao ordinaria,2022-10-02,MG,Minas Gerais,3170206,Uberlândia,54038,Uberlândia,279,governador,135871,423,5,0,0,110833,25038,96463,6159,8188,96463,0,81.572227,87.034546,5.5570092,7.3876915
2022,1,546,eleicao ordinaria,2022-10-02,MG,Minas Gerais,3170206,Uberlândia,54038,Uberlândia,299,deputado federal,79208,276,9,0,0,64754,14454,56894,3978,3789,55514,1380,81.751846,87.861755,6.14325,5.8513761
2022,2,545,eleicao ordinaria,2022-10-30,MG,Minas Gerais,3170206,Uberlândia,54038,Uberlândia,278,presidente,130806,394,38,0,0,106792,24014,102191,1386,3215,102191,0,81.641518,95.691628,1.29785,3.0105252
2022,2,545,eleicao ordinaria,2022-10-30,MG,Minas Gerais,3170206,Uberlândia,54038,Uberlândia,299,presidente,79548,276,9,0,0,66147,13401,63276,808,2063,63276,0,83.153564,95.659668,1.2215217,3.1188111
2022,2,545,eleicao ordinaria,2022-10-30,MG,Minas Gerais,3170206,Uberlândia,54038,Uberlândia,335,presidente,71627,222,30,0,0,57490,14137,55128,757,1605,55128,0,80.263031,95.891457,1.3167508,2.7917898
2022,2,545,eleicao ordinaria,2022-10-30,MG,Minas Gerais,3170206,Uberlândia,54038,Uberlândia,314,presidente,97788,304,0,0,0,80115,17673,76833,1096,2186,76833,0,81.927231,95.903389,1.3680334,2.7285776
2022,2,545,eleicao ordinaria,2022-10-30,MG,Minas Gerais,3170206,Uberlândia,54038,Uberlândia,279,presidente,136750,423,5,0,0,113187,23563,108531,1454,3202,108531,0,82.769287,95.886452,1.2845998,2.8289468